id,rank,case,shooting_date,fatalities,injured,total_victims,state,city,total_words,total_articles,mentioned_articles,total_front_page,count_by_year,total_by_year,if_made_on_front,made_front_count,pdf_pub_date,pdf_pub_section,pdf_pub_page,location_new,latitude,longitude,dist_from_ny_miles,another_shooting,suspect_1_age,suspect_2_age,terrorism,hate,summary
1,93,Miami welding shop shooting,8/20/82,8,3,11,Florida,Miami,1205,3,0,0,1,1,FALSE,1,8/21/82,A,7,Retail,25.796491,-80.226683,1091.57351,FALSE,51,,FALSE,FALSE,"Junior high school teacher Carl Robert Brown, 51, opened fire inside a welding shop and was later shot dead by a witness as he fled the scene."
2,106,Dallas nightclub shooting,6/29/84,6,1,7,Texas,Dallas,481,1,0,0,1,2,FALSE,2,6/30/84,A,5,Restaurant/bar/nightclub,32.925166,-96.838676,1371.44393,FALSE,39,,FALSE,FALSE,"Abdelkrim Belachheb, 39, opened fire at an upscale nightclub after a woman rejected his advances. He was later arrested."
3,53,San Ysidro McDonald's massacre,7/18/84,22,19,41,California,San Ysidro,5385,8,1,2,2,2,TRUE,30,7/19/84,A,1,Restaurant/bar/nightclub,32.5520013,-117.0430813,2432.38672,FALSE,41,,FALSE,FALSE,"James Oliver Huberty, 41, opened fire in a McDonald's restaurant before he was shot dead by a police officer."
4,46,Edmond post office shooting,8/20/86,15,6,21,Oklahoma,Edmond,7039,11,0,2,1,1,TRUE,31,8/21/86,A,1,Workplace,35.6672015,-97.42937037,1318.48114,FALSE,44,,FALSE,FALSE,"Postal worker Patrick Sherrill, 44, opened fire at a post office before committing suicide."
5,56,Palm Bay shopping centers killings,4/23/87,6,14,20,Florida,Palm Bay,5229,7,0,2,1,1,TRUE,32,4/24/87,A,1,Retail,28.0331886,-80.6429695,955.058055,FALSE,59,,FALSE,FALSE,"Retired librarian William Cruse, 59, was paranoid neighbors gossiped that he was gay. He drove to a Publix supermarket, killing two Florida Tech students en route before opening fire outside and killing a woman. He then drove to a Winn-Dixie supermarket and killed three more, including two police officers. Cruse was arrested after taking a hostage and died on death row in 2009."
6,72,Sunnyvale ESL shooting,2/16/88,7,4,11,California,Sunnyvale,2645,3,0,0,1,1,FALSE,3,2/17/88,A,11,Workplace,37.3688301,-122.0363496,2562.17668,FALSE,39,,FALSE,FALSE,"Former ESL Incorporated employee Richard Farley, 39, gunned down seven people at his former workplace, after stalking and harassing a coworker he was romantically interested in. He was later arrested and now sits on death row at San Quentin."
7,49,Stockton elementary school shooting,1/17/89,6,29,35,California,Stockton,6676,6,1,2,1,2,TRUE,33,1/18/89,A,1,School,37.9577016,-121.2907796,2509.83441,FALSE,26,,FALSE,TRUE,"Patrick Purdy, 26, an alcoholic with a police record, launched an assault at Cleveland Elementary School, where many young Southeast Asian immigrants were enrolled. Purdy killed himself with a shot to the head."
8,52,Standard Gravure shooting,9/14/89,9,12,21,Kentucky,Louisville,5534,7,0,2,2,2,TRUE,34,9/15/89,A,12,Workplace,38.2542376,-85.759407,651.648063,FALSE,47,,FALSE,FALSE,"Joseph T. Wesbecker, 47, gunned down eight people at his former workplace before committing suicide."
9,91,Jacksonville GMAC massacre,6/18/90,10,4,14,Florida,Jacksonville,1264,2,0,0,1,1,FALSE,4,6/19/90,A,1,Office building,30.3321838,-81.655651,837.629475,FALSE,42,,FALSE,FALSE,"James Edward Pough, 42, opened fire at a General Motors Acceptance Corporation office before committing suicide. (The day prior, Pough killed a pimp and prostitute and injured two others. Those victims are not included in the mass murder count.)"
10,41,Killeen Luby's massacre,10/16/91,24,20,44,Texas,Killeen,10393,14,0,3,1,3,TRUE,24,10/17/91,A,1,Restaurant/bar/nightclub,31.1171194,-97.7277959,1481.05398,FALSE,35,,FALSE,FALSE,"George Hennard, 35, drove his pickup truck into a Luby's cafeteria and opened fire before committing suicide."
11,69,University of Iowa shooting,11/1/91,6,1,7,Iowa,Iowa City,2883,4,0,0,2,3,FALSE,5,11/2/91,A,8,School,41.6606893,-91.5302214,914.625146,FALSE,28,,FALSE,FALSE,"Former graduate student Gang Lu, 28, went on a rampage on campus and then committed suicide at the scene."
12,74,Royal Oak postal shootings,11/14/91,5,5,10,Michigan,Royal Oak,2423,3,0,0,3,3,FALSE,6,11/15/91,A,14,Workplace,42.4894801,-83.1446485,488.634611,FALSE,31,,FALSE,FALSE,"Laid-off postal worker Thomas McIlvane, 31, opened fire at his former workplace before committing suicide."
13,109,Lindhurst High School shooting,5/1/92,4,10,14,California,Olivehurst,467,1,0,0,1,2,FALSE,7,5/2/92,A,5,School,39.07868761,-121.5475762,2497.88772,FALSE,20,,FALSE,FALSE,"Former Lindhurst High School student Eric Houston, 20, angry about various personal failings, killed three students and a teacher at the school before surrendering to police after an eight-hour standoff. He was later sentenced to death."
14,60,Watkins Glen killings,10/15/92,5,0,5,New York,Watkins Glen,4270,4,0,1,2,2,TRUE,43,10/16/92,A,1,Government building,42.3810555,-76.8705777,186.683081,FALSE,50,,FALSE,FALSE,"John T. Miller, 50, killed four child-support workers in a county office building before turning the gun on himself.  Miller was upset about a court order garnishing his paycheck to cover overdue child-support payments."
15,58,101 California Street shootings,7/1/93,9,6,15,California,San Francisco,4726,5,0,0,1,4,FALSE,8,7/2/93,A,8,Office building,37.792968,-122.397973,2570.61952,FALSE,55,,FALSE,FALSE,"Failed businessman Gian Luigi Ferri, 55, opened fire throughout an office building before he committed suicide inside as police pursued him."
16,110,Luigi's shooting,8/6/93,4,8,12,North Carolina,Fayetteville,444,1,0,0,2,4,FALSE,9,8/8/93,A,34,Restaurant/bar/nightclub,35.0529931,-78.8787058,475.297797,FALSE,22,,FALSE,FALSE,"Army Sgt. Kenneth Junior French, 22, opened fire inside Luigi's Italian restaurant while ranting about gays in the military before he was shot and arrested by police."
17,15,Long Island Rail Road massacre,12/7/93,6,19,25,New York,Garden City,41899,42,3,11,3,4,TRUE,11,12/8/93,A,1,Train,40.7267682,-73.6342955,18.7902666,TRUE,35,,FALSE,TRUE,"Colin Ferguson, 35, opened fire on an eastbound Long Island Rail Road train as it approached a Garden City station. He was later arrested."
18,85,Chuck E. Cheese's killings,12/14/93,4,1,5,Colorado,Aurora,1796,4,2,1,4,4,TRUE,44,12/16/93,A,18,Workplace,39.675599,-104.844845,1625.30208,TRUE,19,,FALSE,FALSE,"Nathan Dunlap, 19, a recently fired Chuck E. Cheese's employee, went on a rampage through his former workplace and was arrested the following day. He now awaits execution on death row."
19,92,Air Force base shooting,6/20/94,5,23,28,Washington state,Fairchild,1210,2,0,0,1,1,FALSE,10,6/21/94,A,10,Military,47.61864486,-117.6483587,2189.63848,FALSE,20,,FALSE,FALSE,"Former airman Dean Allen Mellberg, 20, opened fire inside a hospital at the Fairchild Air Force Base before he was shot dead by a military police officer outside."
20,112,Walter Rossler Company massacre,4/3/95,6,0,6,Texas,Corpus Christi,235,1,0,0,1,1,FALSE,11,4/4/95,A,16,Workplace,27.828025,-97.548198,1607.37315,FALSE,28,,FALSE,FALSE,"Disgruntled former metallurgist James Daniel Simpson, 28, opened fire throughout the Walter Rossler Company where he had worked before exiting the building and committing suicide."
21,95,Fort Lauderdale revenge shooting,2/9/96,6,1,7,Florida,Fort Lauderdale,993,2,0,0,1,1,FALSE,12,2/10/96,A,7,Workplace,26.119269,-80.104119,1068.08676,FALSE,41,,FALSE,FALSE,"Fired city park employee Clifton McCree, 41, opened fire on former coworkers he called ""racist devils"" inside their municipal trailer in an act of revenge after failing a drug test. He then committed suicide."
22,114,R.E. Phelon Company shooting,9/15/97,4,3,7,South Carolina,Aiken,177,1,0,0,2,2,FALSE,13,9/16/97,A,24,Workplace,33.5598586,-81.721952,653.945775,FALSE,43,,FALSE,FALSE,"Ex-con Hastings Arthur Wise, 43, opened fire at the R.E. Phelon Company in retaliation for being fired after an argument with a supervisor. He attempted suicide by ingesting insecticide, failed, and was executed by the state of South Carolina eight years later."
23,104,Caltrans maintenance yard shooting,12/18/97,5,2,7,California,Orange,570,1,0,0,1,2,FALSE,14,12/20/97,A,8,Workplace,33.7877944,-117.8531119,2438.6136,FALSE,41,,FALSE,FALSE,"Former Caltrans employee Arturo Reyes Torres, 41, opened fire at a maintenance yard after he was fired for allegedly selling government materials he'd stolen from work. He was shot dead by police."
24,43,Connecticut Lottery shooting,3/6/98,5,1,6,Connecticut,Newington,8826,9,1,1,2,3,TRUE,45,3/7/98,A,1,Workplace,41.6856325,-72.72983827,91.7881077,FALSE,35,,FALSE,FALSE,"Lottery worker Matthew Beck, 35, gunned down four bosses over a salary dispute before committing suicide."
25,22,Westside Middle School killings,3/24/98,5,10,15,Arkansas,Jonesboro,24695,35,3,9,3,3,TRUE,14,3/25/98,A,1,School,35.8209895,-90.6682606,966.536672,FALSE,13,11,FALSE,FALSE,"Mitchell Scott Johnson, 13, and Andrew Douglas Golden, 11, two juveniles, ambushed students and teachers as they left the school; they were apprehended by police at the scene."
26,37,Thurston High School shooting,5/21/98,4,25,29,Oregon,Springfield,13245,23,2,5,1,3,TRUE,19,5/22/98,A,1,School,44.0462362,-123.0220289,2481.4009,FALSE,15,,FALSE,FALSE,"After he was expelled for having a gun in his locker, Kipland P. Kinkel, 15, a freshman at Thurston High, went on a shooting spree, killing his parents at home and two students at school. Five classmates wrestled Kipland to the ground before he was arrested.   "
27,6,Columbine High School massacre,4/20/99,13,24,37,Colorado,Littleton,95617,120,11,21,2,5,TRUE,7,4/21/99,A,1,School,39.604034,-105.074103,1638.31911,FALSE,18,17,TRUE,FALSE,"Eric Harris, 18, and Dylan Klebold, 17, opened fire throughout Columbine High School before committing suicide."
28,35,Atlanta day trading spree killings,7/29/99,9,13,22,Georgia,Atlanta,13760,16,4,5,3,5,TRUE,20,7/30/99,A,1,Workplace,33.850116,-84.377839,743.552963,FALSE,44,,FALSE,FALSE,"Day trader Mark O. Barton, 44, who had recently lost a substantial sum of money, went on a shooting spree through two day-trading firms. He started at the All-Tech Investment Group, where he worked, then went on to Momentum Securities. He fled and hours later, after being cornered by police outside a gas station, committed suicide. (Two days before the spree, he killed his wife and two children with a hammer.)"
29,34,Wedgwood Baptist Church shooting,9/15/99,8,7,15,Texas,Fort Worth,14206,17,0,3,4,5,TRUE,25,9/16/99,A,1,Religious,32.664511,-97.384246,1407.92509,FALSE,47,,FALSE,TRUE,"Larry Gene Ashbrook, 47, opened fire inside the Wedgwood Baptist Church during a prayer rally before committing suicide."
30,62,Xerox killings,11/2/99,7,0,7,Hawaii,Honolulu,3834,5,3,1,5,5,TRUE,46,11/3/99,A,1,Workplace,21.320063,-157.876462,4968.23131,FALSE,40,,FALSE,FALSE,"Byran Koji Uyesugi, 40, a Xerox service technician, opened fire inside the building with a 9mm Glock. He fled and was later apprehended by police."
31,102,Tampa Hotel shooting,12/30/99,5,3,8,Florida,Tampa,754,1,0,0,1,5,FALSE,15,12/31/99,A,18,Workplace,27.966479,-82.570586,1007.57349,FALSE,36,,FALSE,FALSE,"Hotel employee Silvio Leyva, 36, gunned down four coworkers at the Radisson Bay Harbor Inn before killing a woman outside who refused to give him her car. He was arrested shortly after the shootings."
32,51,Wakefield massacre,12/26/00,7,0,7,Massachusetts,Wakefield,6082,11,1,2,1,1,TRUE,35,12/27/00,A,1,Workplace,42.500429,-71.075913,193.006005,FALSE,42,,FALSE,FALSE,"Michael McDermott, 42, opened fire on co-workers at Edgewater Technology and was later arrested."
33,86,Navistar shooting,2/5/01,5,4,9,Illinois,Melrose Park,1661,3,0,0,1,1,FALSE,16,2/6/01,A,12,Workplace,41.908163,-87.879908,726.033414,FALSE,66,,FALSE,FALSE,"Fired employee William D. Baker, 66, opened fire at his former Navistar workplace before committing suicide."
34,90,Lockheed Martin shooting,7/8/03,7,8,15,Mississippi,Meridian,1298,2,0,1,1,1,TRUE,47,7/9/03,A,1,Workplace,32.410842,-88.634539,994.949974,FALSE,48,,FALSE,FALSE,"Assembly line worker Douglas Williams, 48, opened fire at his Lockheed Martin workplace in a racially motivated attack before committing suicide."
35,68,Damageplan show shooting,12/8/04,5,7,12,Ohio,Columbus,2888,4,0,0,1,1,FALSE,17,12/9/04,A,38,Restaurant/bar/nightclub,39.9622601,-83.0007065,478.522056,FALSE,25,,FALSE,FALSE,"Nathan Gale, 25, possibly upset about the breakup of Pantera, gunned down former Pantera guitarist Dimebag Darrell and three others at a Damageplan show before a police officer fatally shot Gale."
36,61,Living Church of God shooting,3/12/05,7,4,11,Wisconsin,Brookfield,4200,4,0,1,1,2,TRUE,48,3/13/05,A,1,Religious,43.0605671,-88.1064787,743.965969,FALSE,44,,FALSE,FALSE,"Living Church of God member Terry Michael Ratzmann, 44, opened fire at a church meeting at a Sheraton hotel before committing suicide."
37,29,Red Lake massacre,3/21/05,10,5,15,Minnesota,Red Lake,17513,17,0,3,2,2,TRUE,26,3/22/05,A,1,School,47.876346,-95.0169401,1147.50645,FALSE,16,,FALSE,FALSE,"Jeffrey Weise, 16, murdered his grandfather, who was a police officer, and grandfather's girlfriend. Weise then drove his grandfather's squad car to Red Lake Senior High School and opened fire on the reservation campus, killing another seven people before committing suicide."
38,63,Goleta postal shootings,1/30/06,8,0,8,California,Goleta,3783,4,0,0,1,3,FALSE,18,2/1/06,A,13,Workplace,34.425571,-119.866069,2526.00278,FALSE,44,,FALSE,FALSE,"Former postal worker Jennifer Sanmarco, 44, shot dead a former neighbor then drove to the mail processing plant where she used to work. Inside, she opened fire, killing six employees before committing suicide."
39,76,Capitol Hill massacre,3/25/06,7,2,9,Washington state,Seattle,2190,3,0,0,2,3,FALSE,19,3/26/06,A,18,Residence,47.6229,-122.3165,2406.65877,FALSE,28,,FALSE,FALSE,"Kyle Aaron Huff, 28, opened fire at a rave afterparty in the Capitol Hill neighborhood of Seattle before committing suicide."
40,47,Amish school shooting,10/2/06,6,5,11,Pennsylvania,Lancaster County,6833,9,1,2,3,3,TRUE,36,10/3/06,A,1,School,39.9589,-76.0806,123.289978,FALSE,32,,FALSE,FALSE,"Charles Carl Roberts, 32, shot 10 young girls in a one-room schoolhouse in Bart Township, killing 5, before taking his own life."
41,71,Trolley Square shooting,2/12/07,6,4,10,Utah,Salt Lake City,2755,4,0,0,1,4,FALSE,20,2/13/07,A,16,Retail,40.7606467,-111.89109,1972.82844,FALSE,18,,FALSE,FALSE,"Sulejmen Talovic, 18, rampaged through the shopping center until he was shot dead by police."
42,12,Virginia Tech massacre,4/16/07,32,23,55,Virginia,Blacksburg,59637,71,6,10,2,4,TRUE,13,4/17/07,A,1,School,37.2295733,-80.4139393,422.616636,FALSE,23,,FALSE,FALSE,"Virginia Tech student Seung-Hui Cho, 23, opened fire on his school's campus before committing suicide."
43,80,Crandon shooting,10/7/07,6,1,7,Wisconsin,Crandon,1929,3,0,0,3,4,FALSE,21,10/8/07,A,15,Residence,45.5719072,-88.9028922,821.981913,FALSE,20,,FALSE,FALSE,"Off-duty sheriff's deputy Tyler Peterson, 20, opened fire inside an apartment after an argument at a homecoming party. He fled the scene and later committed suicide."
44,54,Westroads Mall shooting,12/5/07,9,4,13,Nebraska,Omaha,5358,6,0,2,4,4,TRUE,37,12/6/07,A,1,Retail,41.265719,-96.067495,1151.4163,FALSE,19,,FALSE,FALSE,"Robert A. Hawkins, 19, opened fire inside Westroads Mall before committing suicide."
45,81,Kirkwood City Council shooting,2/7/08,6,2,8,Missouri,Kirkwood,1908,2,0,0,1,3,FALSE,22,2/8/08,A,11,Government building,38.580093,-90.40691,886.708085,TRUE,52,,FALSE,FALSE,"Charles ""Cookie"" Lee Thornton, 52, went on a rampage at the city hall before being shot and killed by police."
46,48,Northern Illinois University shooting,2/14/08,5,21,26,Illinois,DeKalb,6828,9,1,2,2,3,TRUE,38,2/15/08,A,1,School,41.9294736,-88.7503647,770.924525,TRUE,27,,FALSE,FALSE,"Steven Kazmierczak, 27, opened fire in a lecture hall, then shot and killed himself before police arrived."
47,NA,Atlantis Plastics shooting,6/25/08,6,1,7,Kentucky,Henderson,0,0,1,0,3,3,FALSE,NA,NA,NA,NA,Workplace,37.76721,-87.5573742,755.342455,FALSE,25,,FALSE,FALSE,"Disgruntled employee Wesley Neal Higdon, 25, shot up an Atlantis Plastics factory after he was escorted out of his workplace for an argument with a supervisor. Higdon shot the supervisor outside the factory before opening fire on coworkers inside. He then committed suicide."
48,84,Carthage nursing home shooting,3/29/09,8,3,11,North Carolina,Carthage,1800,3,3,1,1,4,TRUE,49,3/30/09,A,16,Residence,35.333434,-79.414592,476.670666,TRUE,45,,FALSE,FALSE,"Robert Stewart, 45, opened fire at a nursing home where his estranged wife worked before he was shot and arrested by a police officer."
49,39,Binghamton shootings,4/3/09,14,4,18,New York,Binghamton,11534,12,4,2,2,4,TRUE,39,4/4/09,A,1,Government building,42.099802,-75.917723,136.444395,TRUE,41,,FALSE,FALSE,"Jiverly Wong, 41, opened fire at an American Civic Association center for immigrants before committing suicide."
50,17,Fort Hood massacre,11/5/09,13,31,44,Texas,Fort Hood,39607,41,7,16,3,4,TRUE,9,11/6/09,A,1,Military,31.135557,-97.783664,1483.12922,FALSE,39,,TRUE,FALSE,"Army psychiatrist Nidal Malik Hasan, 39, opened fire on an Army base in an attack linked to Islamist extremism. Hasan was injured during the attack and later arrested."
51,57,Coffee shop police killings,11/29/09,4,1,5,Washington state,Lakewood,4823,5,0,1,4,4,TRUE,50,11/30/09,A,14,Restaurant/bar/nightclub,47.15277,-122.467308,2417.78638,FALSE,37,,FALSE,FALSE,"Maurice Clemmons, 37, a felon who was out on bail for child-rape charges, entered a coffee shop on a Sunday morning and shot four police officers who had gone there to use their laptops before their shifts. Clemmons, who was wounded fleeing the scene, was later shot dead by a police officer in Seattle after a two-day manhunt."
52,45,Hartford Beer Distributor shooting,8/3/10,9,2,11,Connecticut,Manchester,7449,7,0,2,1,1,TRUE,40,8/4/10,A,1,Workplace,41.798764,-72.570068,103.152615,FALSE,34,,FALSE,FALSE,"Omar S. Thornton, 34, shot up his Hartford Beer Distributor workplace after facing disciplinary issues, then committed suicide."
53,4,Tucson shooting,1/8/11,6,13,19,Arizona,Tucson,111269,121,14,18,1,3,TRUE,8,1/9/11,A,1,Retail,32.335941,-110.975132,2120.76983,FALSE,22,,FALSE,FALSE,"Jared Loughner, 22, opened fire outside a Safeway during a constituent meeting with Congresswoman Gabrielle Giffords (D-Ariz.) before he was subdued by bystanders and arrested."
54,78,IHOP shooting,9/6/11,5,7,12,Nevada,Carson City,2102,2,0,0,2,3,FALSE,23,9/7/11,A,17,Restaurant/bar/nightclub,39.1637984,-119.7674034,2405.07377,FALSE,32,,FALSE,FALSE,"Eduardo Sencion, 32, opened fire at an International House of Pancakes restaurant and later died from a self-inflicted gunshot wound."
55,99,Seal Beach shooting,10/12/11,8,1,9,California,Seal Beach,905,2,0,0,3,3,FALSE,24,10/13/11,A,18,Retail,33.741176,-118.1046356,2453.12288,FALSE,42,,FALSE,FALSE,"Scott Evans Dekraai, 42, opened fire inside a hair salon and was later arrested. Victims killed in the attack included his ex-wife, who Dekraai had a history of violently abusing, according to court records. The two had also been involved in a bitter custody battle."
56,117,Su Jung Health Sauna shooting,2/21/12,5,0,5,Georgia,Norcross,106,1,0,0,1,7,FALSE,25,2/23/12,A,15,Retail,33.9412127,-84.2135309,732.359756,FALSE,59,,FALSE,FALSE,"Jeong Soo Paek, 59, returned to a Korean spa from which he'd been kicked out after an altercation. He gunned down two of his sisters and their husbands before committing suicide."
57,79,Oikos University killings,4/2/12,7,3,10,California,Oakland,2005,2,0,0,2,7,FALSE,26,4/3/12,A,10,School,37.8043808,-122.2708166,2563.81416,FALSE,43,,FALSE,FALSE,"One L. Goh, 43, a former student, opened fire in a nursing classroom. He fled the scene by car and was arrested nearby a few hours later."
58,88,Seattle cafe shooting,5/30/12,6,1,7,Washington state,Seattle,1488,3,0,0,3,7,FALSE,27,5/31/12,A,16,Restaurant/bar/nightclub,47.6038321,-122.3300624,2407.44613,FALSE,40,,FALSE,FALSE,"Ian Stawicki, 40, gunned down four patrons at a cafe, and another person during a carjacking nearby, then shot himself as police closed in. (He died later that day in a Seattle hospital.)"
59,19,Aurora theater shooting,7/20/12,12,70,82,Colorado,Aurora,34992,45,15,5,4,7,TRUE,21,7/21/12,A,1,Event venue,39.706038,-104.820594,1623.58195,FALSE,24,,FALSE,FALSE,"James Holmes, 24, opened fire in a movie theater during the opening night of ""The Dark Night Rises"" and was later arrested outside."
60,32,Sikh temple shooting,8/5/12,7,3,10,Wisconsin,Oak Creek,15677,17,1,2,5,7,TRUE,41,8/6/12,A,1,Religious,42.8858503,-87.8631362,730.212934,FALSE,40,,TRUE,TRUE,"U.S. Army veteran Wade Michael Page, 40, opened fire in a Sikh gurdwara before he died from a self-inflicted gunshot would during a shootout with police."
61,107,Accent Signage Systems shooting,9/27/12,7,1,8,Minnesota,Minneapolis,480,2,0,0,6,7,FALSE,28,9/28/12,A,22,Workplace,44.977425,-93.310408,1020.52995,FALSE,36,,FALSE,FALSE,"Andrew Engeldinger, 36, upon learning he was being fired, went on a shooting rampage, killing the business owner, three fellow employees, and a UPS driver. He then killed himself."
62,5,Sandy Hook Elementary massacre,12/14/12,27,2,29,Connecticut,Newtown,106800,117,26,24,7,7,TRUE,4,12/15/12,A,1,School,41.4123225,-73.31142358,57.4921489,FALSE,20,,FALSE,FALSE,"Adam Lanza, 20, shot his mother dead at their home then drove to Sandy Hook Elementary school. He forced his way inside and opened fire, killing 20 children and six adults before committing suicide."
63,70,Mohawk Valley shootings,3/13/13,5,2,7,New York,Herkimer County,2853,3,0,0,1,5,FALSE,29,3/14/13,A,31,Retail,43.045601,-74.984891,166.110857,FALSE,64,,FALSE,FALSE,"Kurt Myers, 64, shot six people in neighboring towns, killing two in a barbershop and two at a car care business, before being killed by officers in a shootout after a nearly 19-hour standoff."
64,115,Pinewood Village Apartment shooting,4/21/13,5,0,5,Washington state,Federal Way,174,1,0,0,2,5,FALSE,30,4/23/13,A,11,"Other
",47.3129607,-122.3393665,2410.37407,FALSE,27,,FALSE,FALSE,"Dennis Clark III, 27, shot and killed his girlfriend in their shared apartment, and then shot two witnesses in the building's parking lot and a third victim in another apartment, before being killed by police."
65,87,Santa Monica rampage,6/7/13,6,3,9,California,Santa Monica,1526,3,0,0,3,5,FALSE,31,6/8/13,A,13,"Other
",34.008617,-118.494754,2465.9571,FALSE,23,,FALSE,FALSE,"John Zawahri, 23, armed with a homemade assault rifle and high-capacity magazines, killed his brother and father at home and then headed to Santa Monica College, where he was eventually killed by police."
66,103,Hialeah apartment shooting,7/26/13,7,0,7,Florida,Hialeah,657,1,0,0,4,5,FALSE,32,7/28/13,A,19,"Other
",25.864338,-80.311775,1088.74555,FALSE,42,,FALSE,FALSE,"Pedro Vargas, 42, set fire to his apartment, killed six people in the complex, and held another two hostages at gunpoint before a SWAT team stormed the building and fatally shot him."
67,26,Washington Navy Yard shooting,9/16/13,12,8,20,D.C.,Washington,20338,21,5,6,5,5,TRUE,18,9/17/13,A,1,Military,38.874981,-76.99453,205.87981,FALSE,34,,FALSE,FALSE,"Aaron Alexis, 34, a military veteran and contractor from Texas, opened fire in the Navy installation, killing 12 people and wounding 8 before being shot dead by police."
68,116,Alturas tribal shooting,2/20/14,4,2,6,California,Alturas,138,1,0,0,1,4,FALSE,33,2/21/14,A,15,Govenment building,41.487104,-120.542237,2399.78998,FALSE,44,,FALSE,FALSE,"Cherie Lash Rhoades, 44, opened fire at the Cedarville Rancheria Tribal Office and Community Center, killing four and wounding two. After running out of ammunition, Rhoades grabbed a butcher knife and stabbed another person."
69,36,Fort Hood shooting 2,4/3/14,3,12,15,Texas,Fort Hood,13430,13,2,4,2,4,TRUE,22,4/4/14,A,1,Military,31.141716,-97.777559,1482.5943,FALSE,34,,FALSE,FALSE,"Army Specialist Ivan Lopez, 34, opened fire at the Fort Hood Army Post in Texas, killing three and wounding at least 12 others before shooting himself in the head after engaging with military police. Lt. Gen. Mark A. Milley told reporters that Lopez ""had behavioral health and mental health"" issues."
70,25,Isla Vista mass murder,5/23/14,6,13,19,California,Santa Barbara,21107,18,2,4,3,4,TRUE,23,5/25/14,A,1,School,34.436283,-119.8714406,2525.98548,FALSE,22,,TRUE,TRUE,"Elliot Rodger, 22, shot three people to death in the college town of Isla Vista near the University of California, Santa Barbara. He also shot others as he drove around town, and injured others by striking them with is vehicle. He committed suicide by shooting himself in his car as police closed in. Prior to the rampage, Rodger stabbed three people to death at his apartment."
71,55,Marysville-Pilchuck High School shooting,10/24/14,5,1,6,Washington state,Marysville,5255,7,0,0,4,4,FALSE,34,10/25/14,A,12,School,48.050824,-122.176918,2396.84204,FALSE,15,,FALSE,FALSE,"Jaylen Fryberg, 15, using a .40-caliber Berretta, shot five 
students at Marysville High School, including two of his cousins and three friends, killing all but one. Fryberg arranged to meet them for lunch in the school cafeteria by text. Fryberg was reportedly well-liked at the school and there was not believed to be any ill-will between him and his victims. He committed suicide at the scene."
72,NA,Trestle Trail bridge shooting,6/11/15,3,1,4,Wisconsin,Menasha,0,0,0,0,1,7,FALSE,NA,NA,NA,NA,Outdoors,44.204124,-88.467541,775.787733,TRUE,27,,FALSE,FALSE,"Sergio Valencia del Toro, 27, in what officials say was a random act, shot and killed three people including an 11-year-old girl before turning the gun on himself."
73,7,Charleston Church Shooting,6/17/15,9,1,10,South Carolina,Charleston,81793,70,12,23,2,7,TRUE,5,7/19/15,A,1,Religious,32.788387,-79.933143,640.360447,TRUE,21,,TRUE,TRUE,"Dylann Storm Roof, 21, shot and killed 9 people after opening fire at the Emanuel AME Church in Charleston, South Carolina. According to a roommate, he had allegedly been “planning something like that for six months."""
74,27,Chattanooga military recruitment center,7/16/15,5,2,7,Tennessee,Chattanooga,20301,18,5,7,3,7,TRUE,17,7/17/15,A,1,Military,35.047157,-85.311819,732.453969,FALSE,24,,TRUE,TRUE,"Kuwaiti-born Mohammod Youssuf Abdulazeez, 24, a naturalized US citizen, opened fire at a Naval reserve center, and then drove to a military recruitment office where he shot and killed four Marines and a Navy service member, and wounded a police officer and another military service member. He was then fatally shot in an exchange of gunfire with law enforcement officers responding to the attack."
75,16,Umpqua Community College shooting,10/1/15,9,9,18,Oregon,Roseburg,41108,42,11,9,4,7,TRUE,15,10/2/15,A,1,School,43.289538,-123.333193,2508.2056,FALSE,26,,FALSE,FALSE,26-year-old Chris Harper Mercer opened fire at Umpqua Community College in southwest Oregon. The gunman shot himself to death after being wounded in a shootout with police.
76,111,October 2015 Colorado Springs shooting,10/31/15,3,0,3,Colorado,Colorado Springs,352,2,0,0,5,7,FALSE,35,11/1/15,A,25,Outdoors,38.83755,-104.814251,1637.28684,FALSE,33,,FALSE,FALSE,"Noah Harpham, 33, shot three people before dead in Colorado Springs before police killed him in a shootout."
77,23,Colorado Springs Planned Parenthood shooting,11/27/15,3,9,12,Colorado,Colorado Springs,23734,21,15,8,6,7,TRUE,16,11/28/15,A,1,Workplace,38.881031,-104.849057,1638.35529,TRUE,57,,TRUE,TRUE,"Robert Lewis Dear, 57, shot and killed a police officer and two citizens when he opened fire at a Planned Parenthood health clinic in Colorado Springs, Colorado. Nine others were wounded. Dear was arrested after an hours-long standoff with police."
78,8,San Bernardino mass shooting,12/2/15,14,21,35,California,San Bernardino,76891,71,30,27,7,7,TRUE,2,12/3/15,A,1,Workplace,34.075961,-117.27789,2400.32782,TRUE,28,29,TRUE,FALSE,"Syed Rizwan Farook left a Christmas party held at Inland Regional Center, later returning with Tashfeen Malik and the two opened fire, killing 14 and wounding 21, ten critically. The two were later killed by police as they fled in an SUV."
79,65,Kalamazoo shooting spree,2/20/16,6,2,8,Michigan,Kalamazoo,3508,4,1,0,1,6,FALSE,NA,2/22/16,A,1,Restaurant/bar/nightclub,42.236689,-85.674795,614.289758,TRUE,45,,FALSE,FALSE,"Jason B. Dalton, a driver for Uber, apparently selected his victims randomly as he went on a rampage over several hours in three different locations, including five people he shot in the parking lot of a Cracker Barrel restaurant. He was ""arrested without incident"" at a downtown Kalamazoo bar about six hours after the rampage began."
80,66,Excel Industries mass shooting,2/25/16,3,14,17,Kansas,Hesston,3088,3,0,0,2,6,FALSE,NA,2/26/16,A,12,Workplace,38.135992,-97.425145,1262.59038,TRUE,38,,FALSE,FALSE,"Cedric L. Ford, who worked as a painter at a manufacturing company, shot victims from his car and at his workplace before being killed by police at the scene. Shortly before the rampage he had been served with a restraining order."
81,2,Orlando nightclub massacre,6/12/16,49,53,102,Florida,Orlando,124798,116,51,27,3,6,TRUE,3,6/13/16,A,1,Restaurant/bar/nightclub,28.519718,-81.376777,941.731641,FALSE,29,,TRUE,TRUE,"Omar Mateen, 29, attacked the Pulse nighclub in Orlando in the early morning hours of June 12. He was killed by law enforcement who raided the club after a prolonged standoff."
82,9,Dallas police shooting,7/7/16,5,11,16,Texas,Dallas,76643,74,42,23,4,6,TRUE,NA,7/8/16,A,1,Outdoors,32.7801052,-96.8000082,1374.4795,FALSE,25,,TRUE,TRUE,"Micah Xavier Johnson, a 25-year-old Army veteran, targeted police at a peaceful Black Lives Matter protest, killing five officers and injuring nine others as well as two civilians. After a prolonged standoff in a downtown building, law enforcement killed Johnson using a robot-delivered bomb."
83,20,Baton Rouge police shooting,7/17/16,3,3,6,Lousiana,Baton Rouge,29568,23,17,8,5,6,TRUE,NA,7/18/16,A,1,Outdoors,30.433601,-91.081403,1193.31187,FALSE,29,,TRUE,FALSE,"Gavin Long, 29, a former Marine who served in Iraq, killed three police offers responding to a 911 call, and wounded three others. He was killed in a shoot-out with other officers responding to the scene. Prior to the attack, Long posted prolifically on social media, where he expressed admiration for the cop killer in Dallas 10 days prior."
84,77,Cascade Mall shooting,9/23/16,5,0,5,Washington state,Burlington,2129,3,0,0,6,6,FALSE,NA,9/24/16,A,11,Retail,48.461367,-122.337918,2401.29318,FALSE,20,,FALSE,FALSE,"Arcan Cetin, 20, killed a teen girl and three women in the cosmetics section of a Macy’s department store at the Cascade Mall. A man was critically wounded in the shooting and taken to Harborview Medical Center in Seattle, where he died. Cetin was apprehended by police a few hours after the shooting while driving a car near his residence. "
85,40,Fort Lauderdale airport shooting,1/6/17,5,6,11,Florida,Fort Lauderdale,11227,10,0,2,1,11,TRUE,NA,1/7/17,A,1,Airport,26.072751,-80.143382,1071.87935,FALSE,26,,TRUE,FALSE,"Esteban Santiago, 26, flew from Alaska to Fort Lauderdale, where he opened fire in the baggage claim area of the airport, killing five and wounding six before police aprehended him. (Numerous other people were reportedly injured while fleeing during the panic.)"
86,94,Fresno downtown shooting,4/18/17,3,0,3,California,Fresno,1020,1,1,0,2,11,FALSE,NA,4/19/17,A,20,Outdoors,36.746378,-119.800319,2461.74636,FALSE,39,,TRUE,TRUE,"Kori Ali Muhammad, 39, opened fire along a street in downtown Fresno, killing three people randomly in an alleged hate crime prior to being apprehended by police. Muhammad, who is black, killed three white victims and later described his attack as being racially motivated; he also reportedly yelled 'Allahu Akbar' at the time he was arrested, but authorities indicated they found no links to Islamist terrorism."
87,NA,Rural Ohio nursing home shooting,5/12/17,3,0,3,Ohio,Kirkersville,0,0,0,0,3,11,FALSE,NA,NA,NA,NA,Workplace,39.959034,-82.596508,457.398636,FALSE,42,,FALSE,FALSE,"Thomas Hartless, 43, shot and killed a former girlfriend and another employee of a nursing home, and fatally shot the Kirkersville police chief responding to the scene. Hartless' former girlfriend had recently obtained a court protection order against Hartless. Investigators later found more than 60 firearms in the home of Hartless, who was found dead at the scene of the attack, having turned his gun on himself, according to local authorities."
88,108,Florida awning manufacturer shooting,6/5/17,5,0,5,Florida,Orlando,468,1,0,0,4,11,FALSE,NA,6/6/17,A,13,Workplace,28.580295,-81.294086,935.854897,TRUE,45,,FALSE,FALSE,"John Robert Neumann, Jr., 45, a former employee of manufacturer Fiamma Inc. fatally shot five workers at the company, and then killed himself on the scene. He'd been fired from the company in April. The attack took place a week before the one-year anniversary of the Orlando nightclub massacre."
89,NA,Pennsylvania supermarket shooting,6/7/17,3,0,3,Pennsylvania,Tunkhannock,0,0,0,0,5,11,FALSE,NA,NA,NA,NA,Workplace,41.529546,-75.94722,115.189049,TRUE,24,,FALSE,FALSE,"Randy Stair, a 24-year-old worker at Weis grocery fatally shot three of his fellow employees. He reportedly fired 59 rounds with a pair of shotguns before turning the gun on himself as another co-worker fled the scene for help and law enforcement responded."
90,113,San Francisco UPS shooting,6/14/17,3,2,5,California,San Francisco,234,1,2,0,6,11,FALSE,NA,6/15/17,A,14,Workplace,37.765947,-122.406087,2571.6782,TRUE,38,,FALSE,FALSE,"Jimmy Lam, 38, fatally shot three coworkers and wounded two others inside a UPS facility in San Francisco. Lam killed himself as law enforcement officers responded to the scene."
91,11,Las Vegas Strip massacre,10/1/17,58,546,604,Nevada,Las Vegas,74555,68,13,11,7,11,TRUE,12,10/3/17,A,1,Event venue,36.095739,-115.171544,2236.75465,FALSE,64,,TRUE,FALSE,"Stephen Craig Paddock, 64, fired a barrage of rapid gunfire—using semiautomatic rifles modified with ""bump stocks""—at thousands of concertgoers on the Las Vegas Strip late on a Sunday night; Paddock had positioned himself in a corner suite on the 32nd floor of the Mandalay Bay Resort and Casino, where he took aim from windows he'd smashed open. Police responding to the attack found Paddock inside the hotel suite, deceased from a self-inflicted gunshot."
92,NA,Edgewood businees park shooting,10/18/17,3,3,6,Maryland,Edgewood,0,0,0,0,8,11,FALSE,NA,NA,NA,NA,Workplace,39.452189,-76.309988,152.309552,FALSE,37,,FALSE,FALSE,"Radee Labeeb Prince, 37, fatally shot three people and wounded two others around 9am at Advance Granite Solutions, a home remodeling business where he worked near Baltimore. Hours later he shot and wounded a sixth person at a car dealership in Wilmington, Delaware. He was apprehended that evening following a manhunt by authorities."
93,105,Walmart shooting in suburban Denver,11/1/17,3,0,3,Colorado,Thornton,525,1,0,0,9,11,FALSE,NA,11/2/17,A,16,Retail,39.876374,-104.986132,1629.66034,TRUE,47,,FALSE,FALSE,"Scott Allen Ostrem, 47, walked into a Walmart in a suburb north of Denver and fatally shot two men and a woman, then left the store and drove away. After an all-night manhunt, Ostrem, who had financial problems but no serious criminal history, was captured by police after being spotted near his apartment in Denver."
94,18,Sutherland Springs Church massacre,11/5/17,26,20,46,Texas,Sutherland Springs,38865,33,8,8,10,11,TRUE,NA,11/6/17,A,1,Religious,29.273282,-98.056488,1570.01165,TRUE,26,,FALSE,FALSE,"Devin Patrick Kelley, a 26-year-old ex-US Air Force airman, opened fire at the First Baptist Church in Sutherland Springs during Sunday morning services, killing at least 26 people and wounding and injuring 20 others. He left the church and fled in his vehicle after engaging in a gunfight with a local citizen; he soon crashed his vehicle and died from a self-inflicted gunshot wound."
95,73,Rancho Tehama shooting spree,11/14/17,5,10,15,California,Rancho Tehama,2505,3,1,0,11,11,FALSE,NA,11/15/17,A,11,Residence,40.018759,-122.393089,2521.07939,FALSE,44,,FALSE,FALSE,"Kevin Janson Neal, 44, went on an approximately 45-minute shooting spree in the rural community of Rancho Tehama Reserve in Northern California, including shooting up an elementary school, before being killed by law enforcement officers. Neal had also killed his wife at home."
96,NA,Pennsylvania carwash shooting,1/28/18,4,1,5,Pennsylvania,Melcroft,0,0,0,0,1,12,FALSE,NA,NA,NA,NA,Retail,40.052151,-79.389166,288.844625,FALSE,28,,FALSE,FALSE,"Timothy O'Brien Smith, 28, wearing body armor and well-stocked with ammo, opened fire at a carwash early in the morning in this rural community, killing four people. A fifth victim, though not shot, suffered minor injuries. One of the deceased victims, 25-year-old Chelsie Cline, had been romantically involved with Smith and had broken off the relationship recently, according to her sister. Smith shot himself in the head and died later that night at the hospital."
97,3,Parkland high school shooting,2/14/18,17,17,34,Florida,Parkland,112309,105,20,28,2,12,TRUE,1,2/15/18,A,1,School,26.30483,-80.269511,1059.10847,FALSE,19,,TRUE,FALSE,"Nikolas J. Cruz, 19, heavily armed with an AR-15, tactical gear, and “countless magazines” of ammo, according to the Broward County Sheriff, attacked the high school as classes were ending for the day, killing at least 17 people and injuring many others. He was apprehended by authorities shortly after fleeing the campus."
98,82,Yountville veterans home shooting,3/9/18,3,0,3,California,Yountville,1908,2,0,0,3,12,FALSE,NA,NA,NA,NA,Workplace,38.392496,-122.366528,2555.0354,FALSE,36,,FALSE,FALSE,"Army veteran Albert Cheung Wong, 36, stormed a veterans home where he was previously under care, exchanging gunfire with a sheriff’s deputy and taking three women hostage, one of whom he’d previously threatened. After a standoff with law enforcement, he killed the three women and himself."
99,50,Nashville Waffle House shooting,4/22/18,4,4,8,Tennessee,Nashville,6103,8,2,1,4,12,TRUE,NA,4/24/18,A,1,Restaurant/bar/nightclub,36.052521,-86.616944,757.252626,FALSE,29,,FALSE,FALSE,"Travis Reinking, 29, opened fire around 3:30 a.m. in the parking lot of a Waffle House in Antioch, and continued shooting as he entered the restaurant. As he attempted to reload his AR-15, a bystander heroically wrestled the rifle away from Reinking, who then fled; he was captured by authorities the following day. Reinking had a history of erratic behavior and run-ins with law enforcement in his home state of Illinois, including claims that he was being stalked and harassed by pop star Taylor Swift. In July 2017, he was arrested at the White House after breaching security in an effort to speak with President Trump, reportedly claiming his right to do so as “a sovereign citizen.” "
100,21,Santa Fe High School shooting,5/18/18,10,13,23,Texas,Santa Fe,28248,23,3,5,5,12,TRUE,NA,5/19/18,A,1,School,29.392825,-95.141972,1425.98279,FALSE,17,,TRUE,FALSE,"Dimitrios Pagourtzis, a 17-year-old student, opened fire at Santa Fe High School with a shotgun and .38 revolver owned by his father; Pagourtzis killed 10 and injured at least 13 others before surrendering to authorities after a standoff and additional gunfire inside the school. (Pagourtzis reportedly had intended to commit suicide.) Investigators also found undetonated explosive devices in the vicinity. (FURTHER DETAILS PENDING.)"
101,42,Capital Gazette shooting,6/28/18,5,2,7,Maryland,Annapolis,9671,11,0,2,6,12,TRUE,NA,6/29/18,A,1,Workplace,38.994548,-76.543657,182.186931,FALSE,38,,FALSE,FALSE,"Jarrod W. Ramos, 38, shot through the glass doors of the paper’s newsroom around 3pm to carry out his attack; police quickly responding to the scene found him hiding under a desk and apprehended him. Ramos had harbored a longstanding grudge against the paper over a 2011 column that had detailed his guilty plea for the harassment of a former female classmate. Ramos had sued the paper for defamation and lost."
102,96,Fifth Third Center shooting,9/6/18,3,2,5,Ohio,Cincinnati,983,1,0,0,7,12,FALSE,NA,NA,NA,NA,Workplace,39.101981,-84.511782,570.023893,TRUE,29,,FALSE,FALSE,"Omar Enrique Santa Perez, 29, walked into the ground-floor lobby of a building in downtown Cincinnati shortly after 9 a.m. and opened fire. Within minutes, Perez was fatally wounded in a shootout with law enforcement officers responding to the scene."
103,97,T&T Trucking shooting,9/12/18,5,0,5,California,Bakersfield,934,1,0,0,8,12,FALSE,NA,NA,NA,NA,Workplace,35.349388,-118.916335,2451.35196,TRUE,54,,FALSE,FALSE,"Javier Casarez, 54, who was going through a bitter divorce, went on a shooting spree targeting his ex-wife and former coworkers at the trucking company. His attack included fatally shooting one victim who he pursued to a nearby sporting goods retailer, and two others at a private residence. After then carjacking a woman who was driving with a child (and letting the two go), Casarez fatally shot himself as law enforcement officials closed in on him."
104,89,Rite Aid warehouse shooting,9/20/18,3,3,6,Maryland,Perryman,1432,2,0,0,9,12,FALSE,NA,NA,NA,NA,Workplace,39.455658,-76.208485,147.857595,FALSE,26,,FALSE,FALSE,"Snochia Moseley, 26, reportedly a disgruntled employee, shot her victims outside the building and on the warehouse floor; she later died from a self-inflicted gunshot at a nearby hospital. (No law enforcement officers responding to her attack fired shots.)"
105,13,Tree of Life synagogue shooting,10/27/18,11,6,17,Pennsylvania,Pittsburgh,54043,49,35,18,10,12,TRUE,NA,10/28/18,A,1,Religious,40.443898,-79.921398,312.627872,FALSE,46,,TRUE,TRUE,"Robert D. Bowers, 46, shouted anti-Semitic slurs as he opened fire inside the Tree of Life synagogue during Saturday morning worship. He was armed with an assault rifle and multiple handguns and was apprehended after a standoff with police. His social media accounts contained virulent anti-Semitic content, and references to migrant caravan ""invaders"" hyped by President Trump and the Republican party ahead of the 2018 midterms elections."
106,33,Thousand Oaks nightclub shooting,11/7/18,12,22,34,California,Thousand Oaks,15142,15,5,2,11,12,TRUE,NA,11/9/18,A,1,Restaurant/bar/nightclub,34.176946,-118.874793,2481.11157,FALSE,28,,FALSE,FALSE,"Ian David Long, 28, dressed in black and armed with a handgun and a “smoke device,” approached the Borderline Bar & Grill — a country music venue popular with college students — close to midnight and opened fire, killing a security guard and then others in the club, including a sheriff’s deputy responding to the attack. Long was found dead at the scene from apparent suicide. He was a former Marine and had a history of interactions with local law enforcement, including a mental health evaluation in which he’d been cleared."
107,101,Mercy Hospital shooting,11/19/18,3,0,3,Illinois,Chicago,844,1,0,0,12,12,FALSE,NA,NA,NA,NA,Workplace,41.847667,-87.622009,712.620745,FALSE,32,,FALSE,FALSE,"Juan Lopez, 32, confronted his former fiancé, ER doctor Tamara O'Neal, before shooting her and opening fire on others at the hospital, including a responding police officer, Samuel Jimenez, and a pharmacy employee, Dayna Less. Lopez was fatally shot by a responding SWAT officer. Lopez had a history of domestic abuse against an ex-wife, and was kicked out of a fire department training academy for misconduct against female cadets."
108,83,SunTrust bank shooting,1/23/19,5,0,5,Florida,Sebring,1896,2,1,0,1,10,FALSE,36,NA,NA,NA,Workplace,27.471043,-81.45847,1009.84336,TRUE,21,,FALSE,FALSE,"Zephen A. Xaver, 21, fatally shot five women inside a bank and then called the police to confess. He was armed with a handgun and wore a bulletproof vest. He reportedly ordered the women to lie down on the floor and shot them execution-style. After a standoff with police, he surrendered and was taken into custody. A week prior, Xaver had quit a job as a prison guard trainee, and authorities said they believed the shooting was ""a random act"" and that roberry did not appear to be a motive. An ex-girlfriend in Indiana told local media she'd been “scared for years” by Xaver’s talk of violence and death, but that her warnings to others (who she did not identify) were not taken seriously. She said she’d first met Xaver in a psychiatric hospital in 2013. In March 2017, Michigan State Police documented an incident in which Xaver indicated he was “possibly thinking of suicide by cop and taking hostages."""
109,NA,Pennsylvania hotel bar shooting,1/24/19,3,1,4,Pennsylvania,State College,0,0,0,0,2,10,FALSE,NA,NA,NA,NA,Restaurant/bar/nightclub,40.785142,-77.839411,201.922313,TRUE,21,,FALSE,FALSE,"Jordan Witmer, 21, shot three people at a Ramada Hotel bar near Penn State University, including a former girlfriend he was there with. He then fled the bar, crashed his car about a mile away, and stormed into a random house, fatally shooting an elderly resident and then himself. Witmer, who had a legal carry permit for his handgun, had just finished a three-year stint in the US Army; ten days prior to the attack he had been convicted on drunk driving-related charges in Kentucky, where he'd been stationed. "
110,64,Harry Pratt Co. warehouse shooting,2/15/19,5,6,11,Illinois,Aurora,3712,3,0,1,3,10,TRUE,51,2/16/19,A,1,Workplace,41.753725,-88.331057,749.117555,FALSE,45,,FALSE,FALSE,"Gary Martin, 45, went on a rampage inside the warehouse in response to being fired from his job and died soon thereafter in a shootout with police. Among his victims were five dead coworkers and five injured police officers. Martin had a felony record and lengthy history of domestic violence; he was able to obtain a gun despite having had his Illinois firearms ownership identification card revoked. According to a report from prosecutors, Martin told a co-worker the morning of the shooting that if he was fired he was going to kill employees and police."
111,30,Virginia Beach municipal building shooting,5/31/19,12,4,16,Virginia,Virginia Beach,17377,11,0,2,4,10,TRUE,42,6/1/19,A,1,Workplace,36.75442,-76.060378,297.805787,FALSE,40,,FALSE,FALSE,"DeWayne Craddock, 40, a municipal city worker wielding handguns, a suppressor and high-capacity magazines, killed en masse inside a Virginia Beach muncipal building late in the day on a Friday, before dying in a prolonged gun battle with police. Craddock reportedly had submitted his resignation from his job that morning. He was a veteran of the Virginia Army National Guard, and ""had a shaved head, bodybuilder’s physique and cameras in the windows of his house on a peaceful cul-de-sac,"" according to the Washington Post."
112,59,Gilroy garlic festival shooting,7/28/19,3,12,15,California,Gilroy,4511,6,5,1,5,10,TRUE,52,NA,NA,NA,Event venue,36.997191,-121.584819,2547.95114,TRUE,19,,TRUE,FALSE,"Santino William LeGan, 19, fired indiscriminately into the crowd near a concert stage at the festival. He used an AK-47-style rifle, purchased legally in Nevada three weeks earlier. After apparently pausing to reload, he fired additional multiple rounds before police shot him and then he killed himself. A witness described overhearing someone shout at LeGan, ""Why are you doing this?"" LeGan, who wore camouflage and tactical gear, replied: “Because I'm really angry."" The murdered victims included a 13-year-old girl, a man in his 20s, and six-year-old Stephen Romero."
113,1,El Paso Walmart mass shooting,8/3/19,22,26,48,Texas,El Paso,127966,107,15,22,6,10,TRUE,6,8/4/19,A,1,Retail,31.771068,-106.375655,1898.76593,TRUE,21,,TRUE,TRUE,"Patrick Crusius, 21, who was apprehended by police, posted a so-called manifesto online shortly before the attack espousing ideas of violent white nationalism and hatred of immigrants. ""This attack is a response to the Hispanic invasion of Texas,"" he allegedly wrote in the document."
114,10,Dayton entertainment district shooting,8/4/19,9,27,36,Ohio,Dayton,76337,65,16,13,7,10,TRUE,10,8/5/19,A,1,Restaurant/bar/nightclub,39.757312,-84.184947,542.987433,TRUE,24,,TRUE,FALSE,"Connor Betts, 24, died during the attack, following a swift police response. He wore tactical gear including body armor and hearing protection, and had an ammunition device capable of holding 100 rounds. Betts had a history of threatening behavior dating back to high school, including reportedly having hit lists targeting classmates for rape and murder."
115,31,Odessa-Midland shooting spree,8/31/19,7,25,32,Texas,Odessa,16991,14,2,3,8,10,TRUE,27,9/1/19,A,1,Outdoors,31.925974,-102.2796,1682.26123,FALSE,36,,FALSE,FALSE,"Seth A. Ator, 36, fired at police officers who stopped him for a traffic violation, and then went on a driving rampage in the Odessa-Midland region, where he also shot a postal worker and stole her vehicle. He was shot dead by law enforcement responding to the rampage. Ator had been fired from a job just prior to the attack (though per the FBI he had shown up to that job ""already enraged""). He had a criminal record and ""a long history of mental problems and making racist comments,"" according to a family friend who spoke to the media."
116,38,Pensacola Naval base shooting,12/6/19,3,8,11,Florida,Pensacola,12234,8,0,3,9,10,TRUE,28,12/7/19,A,1,Military,30.364707,-87.288567,1034.27514,TRUE,21,,TRUE,FALSE,"Ahmed Mohammed al-Shamrani, A Saudi Arabian military pilot training in the United States, opened fire just before 7 a.m. in an air station classroom. He was soon shot and killed by responding Florida sheriff’s deputies."
117,28,Jersey City kosher market shooting,12/10/19,4,3,7,New Jersey,Jersey City,19493,15,0,3,10,10,TRUE,29,12/11/19,A,1,Retail,40.707363,-74.083609,5.95322174,TRUE,47,50,TRUE,TRUE,"David N. Anderson, 47, and Francine Graham, 50, were heavily armed and traveling in a white van when they first killed a police officer in a cemetery, and then opened fire at a kosher market, “fueled both by anti-Semitism and anti-law enforcement beliefs,” according to New Jersey authorities. The pair, linked to the antisemitic ideology of the Black Hebrew Israelites extremist group, were killed after a lenghty gun battle with police at the market."
118,98,Molson Coors shooting,2/26/20,5,0,5,Wisconsin,Milwaukee,918,1,1,0,1,2,FALSE,37,NA,NA,NA,Workplace,43.044511,-87.962537,736.596535,FALSE,51,,FALSE,FALSE,"Anthony Ferrill, 51, an employee armed with two handguns, including one with a silencer, opened fire on the Milwaukee campus of the beer company, killing five people and then committing suicide. According to the Milwaukee Journal Sentinel, Ferrill ""had been involved in a long-running dispute with a co-worker that boiled over"" in the run-up to the attack."
119,100,Springfield convenience store shooting,3/16/20,4,0,4,Missouri,Springfield,878,1,0,0,2,2,FALSE,38,NA,NA,NA,Workplace,37.210432,-93.23686,1062.3444,FALSE,31,,FALSE,FALSE,"Joaquin S. Roman, 31, went on a rampage culminating at a Kum & Go, killing four people, including a police officer, before fatally shooting himself on the scene."
120,14,Atlanta massage parlor shootings,3/16/21,8,1,9,Georgia,Atlanta,47964,39,20,14,1,5,TRUE,NA,3/18/21,A,1,Workplace,34.111653,-84.580376,740.102329,TRUE,21,,TRUE,TRUE,"Robert Aaron Long, 21, killed eight people at three massage parlors. An additional victim was injured. Six of the deceased victims were women of Asian descent. According to law enforcement officials, Long, who is white, made claims in custody about having sexual addiction issues, and had frequented the massage parlors. He also spoke of intent to attack additional locations in Florida."
121,24,Boulder supermarket shooting,3/22/21,10,0,10,Colorado,Boulder,21668,19,13,7,2,5,TRUE,NA,3/23/21,A,1,Workplace,39.986961,-105.251168,1641.81518,TRUE,21,,FALSE,FALSE,"Ahmad Al Aliwi Alissa, 21, carried out a mass shooting at a King Soopers that left 10 victims dead, including veteran police officer Eric Talley, who was the first officer to respond on the scene. Alissa was wounded by police and taken into custody."
122,75,Orange office complex shooting,3/31/21,4,1,5,California,Orange,2381,2,0,0,3,5,FALSE,NA,NA,NA,NA,Workplace,33.83542,-117.85379,2437.29347,FALSE,44,,FALSE,FALSE,"Aminadab Gaxiola Gonzalez, 44, allegedly opened fire inside a small business at an office complex, killing at least four victims, including a nine-year-old boy, before being wounded in a confrontation with police and taken into custody. According to law enforcement officials, Gonzalez had chained the front and rear gates to the complex with bicycle cable locks to hinder police response."
123,44,FedEx warehouse shooting,4/15/21,8,7,15,Indiana,Indianapolis,8003,6,3,4,4,5,TRUE,NA,4/17/21,A,1,Workplace,39.68663,-86.32313,655.890661,FALSE,19,,FALSE,FALSE,"Brandon Scott Hole, 19, opened fire around 11 p.m. in the parking lot and inside the warehouse, and then shot himself fatally as police responded to the scene."
124,67,San Jose VTA shooting,5/26/21,9,0,9,California,San Jose,3009,2,3,3,5,5,TRUE,NA,5/27/21,A,1,Workplace,37.316097,-121.888533,2555.8349,FALSE,57,,FALSE,FALSE,"Samuel Cassidy, 57, a Valley Transportation Authorty employee, opened fire at a union meeting at the light rail facility, soon also fatally shooting himself at the scene. Before the attack, Cassidy had set fire to his own house, where he also had firearms and a stockpile of ammunition. His legal history included his ex-wife filing a restraining order against him in 2009."